/*M!999999\- enable the sandbox mode */ 
-- MariaDB dump 10.19-11.8.3-MariaDB, for debian-linux-gnu (x86_64)
--
-- Host: localhost    Database: control_asistencias
-- ------------------------------------------------------
-- Server version	11.8.3-MariaDB-1build1 from Ubuntu

/*!40101 SET @OLD_CHARACTER_SET_CLIENT=@@CHARACTER_SET_CLIENT */;
/*!40101 SET @OLD_CHARACTER_SET_RESULTS=@@CHARACTER_SET_RESULTS */;
/*!40101 SET @OLD_COLLATION_CONNECTION=@@COLLATION_CONNECTION */;
/*!40101 SET NAMES utf8mb4 */;
/*!40103 SET @OLD_TIME_ZONE=@@TIME_ZONE */;
/*!40103 SET TIME_ZONE='+00:00' */;
/*!40014 SET @OLD_UNIQUE_CHECKS=@@UNIQUE_CHECKS, UNIQUE_CHECKS=0 */;
/*!40014 SET @OLD_FOREIGN_KEY_CHECKS=@@FOREIGN_KEY_CHECKS, FOREIGN_KEY_CHECKS=0 */;
/*!40101 SET @OLD_SQL_MODE=@@SQL_MODE, SQL_MODE='NO_AUTO_VALUE_ON_ZERO' */;
/*M!100616 SET @OLD_NOTE_VERBOSITY=@@NOTE_VERBOSITY, NOTE_VERBOSITY=0 */;

--
-- Table structure for table `asistencia`
--

DROP TABLE IF EXISTS `asistencia`;
/*!40101 SET @saved_cs_client     = @@character_set_client */;
/*!40101 SET character_set_client = utf8mb4 */;
CREATE TABLE `asistencia` (
  `id_asistencia` int(11) NOT NULL AUTO_INCREMENT,
  `id_seccion` int(11) NOT NULL,
  `id_usuario` int(11) DEFAULT NULL COMMENT 'Usuario que registró la asistencia',
  `fecha` date NOT NULL,
  `asistentes_h` int(11) DEFAULT 0 COMMENT 'Estudiantes hombres presentes',
  `asistentes_m` int(11) DEFAULT 0 COMMENT 'Estudiantes mujeres presentes',
  PRIMARY KEY (`id_asistencia`),
  UNIQUE KEY `unique_asistencia` (`id_seccion`,`fecha`),
  KEY `idx_fecha` (`fecha`),
  KEY `idx_asistencia_usuario` (`id_usuario`),
  CONSTRAINT `asistencia_ibfk_1` FOREIGN KEY (`id_seccion`) REFERENCES `secciones` (`id_seccion`) ON DELETE CASCADE,
  CONSTRAINT `fk_asistencia_usuario` FOREIGN KEY (`id_usuario`) REFERENCES `usuario` (`id_usuario`) ON DELETE SET NULL
) ENGINE=InnoDB AUTO_INCREMENT=637 DEFAULT CHARSET=utf8mb4 COLLATE=utf8mb4_unicode_ci;
/*!40101 SET character_set_client = @saved_cs_client */;

--
-- Dumping data for table `asistencia`
--

LOCK TABLES `asistencia` WRITE;
/*!40000 ALTER TABLE `asistencia` DISABLE KEYS */;
set autocommit=0;
INSERT INTO `asistencia` (`id_asistencia`, `id_seccion`, `id_usuario`, `fecha`, `asistentes_h`, `asistentes_m`) VALUES (1,1,18,'2025-12-01',11,9),
(2,2,18,'2025-12-01',13,11),
(3,3,19,'2025-12-01',10,12),
(4,4,18,'2025-12-01',14,13),
(5,5,18,'2025-12-01',15,14),
(6,6,17,'2025-12-01',13,15),
(7,7,18,'2025-12-01',16,12),
(8,8,18,'2025-12-01',14,14),
(9,9,18,'2025-12-01',15,13),
(10,10,27,'2025-12-01',17,16),
(11,11,30,'2025-12-01',18,15),
(12,12,30,'2025-12-01',16,17),
(13,13,30,'2025-12-01',15,18),
(14,14,17,'2025-12-01',19,14),
(15,15,30,'2025-12-01',17,16),
(16,1,18,'2025-12-02',12,10),
(17,2,18,'2025-12-02',14,12),
(18,3,19,'2025-12-02',11,13),
(19,4,18,'2025-12-02',15,14),
(20,5,18,'2025-12-02',16,15),
(21,6,17,'2025-12-02',14,16),
(22,7,18,'2025-12-02',17,13),
(23,8,18,'2025-12-02',15,15),
(24,9,18,'2025-12-02',16,14),
(25,10,27,'2025-12-02',18,17),
(26,11,30,'2025-12-02',19,16),
(27,12,30,'2025-12-02',17,18),
(28,13,30,'2025-12-02',16,19),
(29,14,17,'2025-12-02',20,15),
(30,15,30,'2025-12-02',18,17),
(31,1,18,'2025-12-03',11,10),
(32,2,18,'2025-12-03',13,11),
(33,3,19,'2025-12-03',10,12),
(34,4,18,'2025-12-03',14,13),
(35,5,18,'2025-12-03',15,14),
(36,6,17,'2025-12-03',13,15),
(37,7,18,'2025-12-03',16,12),
(38,8,18,'2025-12-03',14,14),
(39,9,18,'2025-12-03',15,13),
(40,10,27,'2025-12-03',17,16),
(41,11,30,'2025-12-03',18,15),
(42,12,30,'2025-12-03',16,17),
(43,13,30,'2025-12-03',15,18),
(44,14,17,'2025-12-03',19,14),
(45,15,30,'2025-12-03',17,16),
(46,1,18,'2025-12-04',12,9),
(47,2,18,'2025-12-04',14,12),
(48,3,19,'2025-12-04',11,13),
(49,4,18,'2025-12-04',15,14),
(50,5,18,'2025-12-04',16,15),
(51,6,17,'2025-12-04',14,16),
(52,7,18,'2025-12-04',17,13),
(53,8,18,'2025-12-04',15,15),
(54,9,18,'2025-12-04',16,14),
(55,10,27,'2025-12-04',18,17),
(56,11,30,'2025-12-04',19,16),
(57,12,30,'2025-12-04',17,18),
(58,13,30,'2025-12-04',16,19),
(59,14,17,'2025-12-04',20,15),
(60,15,30,'2025-12-04',18,17),
(61,1,18,'2025-12-05',11,10),
(62,2,18,'2025-12-05',13,12),
(63,3,19,'2025-12-05',10,13),
(64,4,18,'2025-12-05',14,14),
(65,5,18,'2025-12-05',15,15),
(66,6,17,'2025-12-05',13,16),
(67,7,18,'2025-12-05',16,13),
(68,8,18,'2025-12-05',14,15),
(69,9,18,'2025-12-05',15,14),
(70,10,27,'2025-12-05',17,17),
(71,11,30,'2025-12-05',18,16),
(72,12,30,'2025-12-05',16,18),
(73,13,30,'2025-12-05',15,19),
(74,14,17,'2025-12-05',19,15),
(75,15,30,'2025-12-05',17,17),
(76,1,18,'2025-12-08',12,10),
(77,2,18,'2025-12-08',14,12),
(78,3,19,'2025-12-08',11,13),
(79,4,18,'2025-12-08',15,14),
(80,5,18,'2025-12-08',16,15),
(81,6,17,'2025-12-08',14,16),
(82,7,18,'2025-12-08',17,13),
(83,8,18,'2025-12-08',15,15),
(84,9,18,'2025-12-08',16,14),
(85,10,27,'2025-12-08',18,17),
(86,11,30,'2025-12-08',19,16),
(87,12,30,'2025-12-08',17,18),
(88,13,30,'2025-12-08',16,19),
(89,14,17,'2025-12-08',20,15),
(90,15,30,'2025-12-08',18,17),
(91,1,18,'2025-12-09',11,9),
(92,2,18,'2025-12-09',13,11),
(93,3,19,'2025-12-09',10,12),
(94,4,18,'2025-12-09',14,13),
(95,5,18,'2025-12-09',15,14),
(96,6,17,'2025-12-09',13,15),
(97,7,18,'2025-12-09',16,12),
(98,8,18,'2025-12-09',14,14),
(99,9,18,'2025-12-09',15,13),
(100,10,27,'2025-12-09',17,16),
(101,11,30,'2025-12-09',18,15),
(102,12,30,'2025-12-09',16,17),
(103,13,30,'2025-12-09',15,18),
(104,14,17,'2025-12-09',19,14),
(105,15,30,'2025-12-09',17,16),
(106,1,18,'2025-12-10',12,10),
(107,2,18,'2025-12-10',14,12),
(108,3,19,'2025-12-10',11,13),
(109,4,18,'2025-12-10',15,14),
(110,5,18,'2025-12-10',16,15),
(111,6,17,'2025-12-10',14,16),
(112,7,18,'2025-12-10',17,13),
(113,8,18,'2025-12-10',15,15),
(114,9,18,'2025-12-10',16,14),
(115,10,27,'2025-12-10',18,17),
(116,11,30,'2025-12-10',19,16),
(117,12,30,'2025-12-10',17,18),
(118,13,30,'2025-12-10',16,19),
(119,14,17,'2025-12-10',20,15),
(120,15,30,'2025-12-10',18,17),
(121,1,18,'2025-12-11',11,10),
(122,2,18,'2025-12-11',13,12),
(123,3,19,'2025-12-11',10,13),
(124,4,18,'2025-12-11',14,14),
(125,5,18,'2025-12-11',15,15),
(126,6,17,'2025-12-11',13,16),
(127,7,18,'2025-12-11',16,13),
(128,8,18,'2025-12-11',14,15),
(129,9,18,'2025-12-11',15,14),
(130,10,27,'2025-12-11',17,17),
(131,11,30,'2025-12-11',18,16),
(132,12,30,'2025-12-11',16,18),
(133,13,30,'2025-12-11',15,19),
(134,14,17,'2025-12-11',19,15),
(135,15,30,'2025-12-11',17,17),
(136,1,18,'2025-12-12',12,9),
(137,2,18,'2025-12-12',14,11),
(138,3,19,'2025-12-12',11,12),
(139,4,18,'2025-12-12',15,13),
(140,5,18,'2025-12-12',16,14),
(141,6,17,'2025-12-12',14,15),
(142,7,18,'2025-12-12',17,12),
(143,8,18,'2025-12-12',15,14),
(144,9,18,'2025-12-12',16,13),
(145,10,27,'2025-12-12',18,16),
(146,11,30,'2025-12-12',19,15),
(147,12,30,'2025-12-12',17,17),
(148,13,30,'2025-12-12',16,18),
(149,14,17,'2025-12-12',20,14),
(150,15,30,'2025-12-12',18,16),
(151,1,18,'2025-12-15',11,10),
(152,2,18,'2025-12-15',13,12),
(153,3,19,'2025-12-15',10,13),
(154,4,18,'2025-12-15',14,14),
(155,5,18,'2025-12-15',15,15),
(156,6,17,'2025-12-15',13,16),
(157,7,18,'2025-12-15',16,13),
(158,8,18,'2025-12-15',14,15),
(159,9,18,'2025-12-15',15,14),
(160,10,27,'2025-12-15',17,17),
(161,11,30,'2025-12-15',18,16),
(162,12,30,'2025-12-15',16,18),
(163,13,30,'2025-12-15',15,19),
(164,14,17,'2025-12-15',19,15),
(165,15,30,'2025-12-15',17,17),
(166,1,18,'2025-12-16',12,10),
(167,2,18,'2025-12-16',14,12),
(168,3,19,'2025-12-16',11,13),
(169,4,18,'2025-12-16',15,14),
(170,5,18,'2025-12-16',16,15),
(171,6,17,'2025-12-16',14,16),
(172,7,18,'2025-12-16',17,13),
(173,8,18,'2025-12-16',15,15),
(174,9,18,'2025-12-16',16,14),
(175,10,27,'2025-12-16',18,17),
(176,11,30,'2025-12-16',19,16),
(177,12,30,'2025-12-16',17,18),
(178,13,30,'2025-12-16',16,19),
(179,14,17,'2025-12-16',20,15),
(180,15,30,'2025-12-16',18,17),
(181,1,18,'2025-12-17',11,9),
(182,2,18,'2025-12-17',13,11),
(183,3,19,'2025-12-17',10,12),
(184,4,18,'2025-12-17',14,13),
(185,5,18,'2025-12-17',15,14),
(186,6,17,'2025-12-17',13,15),
(187,7,18,'2025-12-17',16,12),
(188,8,18,'2025-12-17',14,14),
(189,9,18,'2025-12-17',15,13),
(190,10,27,'2025-12-17',17,16),
(191,11,30,'2025-12-17',18,15),
(192,12,30,'2025-12-17',16,17),
(193,13,30,'2025-12-17',15,18),
(194,14,17,'2025-12-17',19,14),
(195,15,30,'2025-12-17',17,16),
(196,1,18,'2025-12-18',12,10),
(197,2,18,'2025-12-18',14,12),
(198,3,19,'2025-12-18',11,13),
(199,4,18,'2025-12-18',15,14),
(200,5,18,'2025-12-18',16,15),
(201,6,17,'2025-12-18',14,16),
(202,7,18,'2025-12-18',17,13),
(203,8,18,'2025-12-18',15,15),
(204,9,18,'2025-12-18',16,14),
(205,10,27,'2025-12-18',18,17),
(206,11,30,'2025-12-18',19,16),
(207,12,30,'2025-12-18',17,18),
(208,13,30,'2025-12-18',16,19),
(209,14,17,'2025-12-18',20,15),
(210,15,30,'2025-12-18',18,17),
(211,1,18,'2025-12-19',11,10),
(212,2,18,'2025-12-19',13,12),
(213,3,19,'2025-12-19',10,13),
(214,4,18,'2025-12-19',14,14),
(215,5,18,'2025-12-19',15,15),
(216,6,17,'2025-12-19',13,16),
(217,7,18,'2025-12-19',16,13),
(218,8,18,'2025-12-19',14,15),
(219,9,18,'2025-12-19',15,14),
(220,10,27,'2025-12-19',17,17),
(221,11,30,'2025-12-19',18,16),
(222,12,30,'2025-12-19',16,18),
(223,13,30,'2025-12-19',15,19),
(224,14,17,'2025-12-19',19,15),
(225,15,30,'2025-12-19',17,17),
(226,1,18,'2025-12-22',10,8),
(227,2,18,'2025-12-22',12,10),
(228,3,19,'2025-12-22',9,11),
(229,4,18,'2025-12-22',13,12),
(230,5,18,'2025-12-22',14,13),
(231,6,17,'2025-12-22',12,14),
(232,7,18,'2025-12-22',15,11),
(233,8,18,'2025-12-22',13,13),
(234,9,18,'2025-12-22',14,12),
(235,10,27,'2025-12-22',16,15),
(236,11,30,'2025-12-22',17,14),
(237,12,30,'2025-12-22',15,16),
(238,13,30,'2025-12-22',14,17),
(239,14,17,'2025-12-22',18,13),
(240,15,30,'2025-12-22',16,15),
(241,1,18,'2025-12-23',9,7),
(242,2,18,'2025-12-23',11,9),
(243,3,19,'2025-12-23',8,10),
(244,4,18,'2025-12-23',12,11),
(245,5,18,'2025-12-23',13,12),
(246,6,17,'2025-12-23',11,13),
(247,7,18,'2025-12-23',14,10),
(248,8,18,'2025-12-23',12,12),
(249,9,18,'2025-12-23',13,11),
(250,10,27,'2025-12-23',15,14),
(251,11,30,'2025-12-23',16,13),
(252,12,30,'2025-12-23',14,15),
(253,13,30,'2025-12-23',13,16),
(254,14,17,'2025-12-23',17,12),
(255,15,30,'2025-12-23',15,14),
(256,1,18,'2025-12-24',6,5),
(257,2,18,'2025-12-24',7,6),
(258,3,19,'2025-12-24',5,7),
(259,4,18,'2025-12-24',8,7),
(260,5,18,'2025-12-24',9,8),
(261,6,17,'2025-12-24',7,9),
(262,7,18,'2025-12-24',10,7),
(263,8,18,'2025-12-24',8,8),
(264,9,18,'2025-12-24',9,7),
(265,10,27,'2025-12-24',11,10),
(266,11,30,'2025-12-24',12,9),
(267,12,30,'2025-12-24',10,11),
(268,13,30,'2025-12-24',9,12),
(269,14,17,'2025-12-24',13,8),
(270,15,30,'2025-12-24',11,10),
(271,1,18,'2025-12-29',8,7),
(272,2,18,'2025-12-29',10,8),
(273,3,19,'2025-12-29',7,9),
(274,4,18,'2025-12-29',11,10),
(275,5,18,'2025-12-29',12,11),
(276,6,17,'2025-12-29',10,12),
(277,7,18,'2025-12-29',13,9),
(278,8,18,'2025-12-29',11,11),
(279,9,18,'2025-12-29',12,10),
(280,10,27,'2025-12-29',14,13),
(281,11,30,'2025-12-29',15,12),
(282,12,30,'2025-12-29',13,14),
(283,13,30,'2025-12-29',12,15),
(284,14,17,'2025-12-29',16,11),
(285,15,30,'2025-12-29',14,13),
(286,1,18,'2025-12-30',7,6),
(287,2,18,'2025-12-30',9,7),
(288,3,19,'2025-12-30',6,8),
(289,4,18,'2025-12-30',10,9),
(290,5,18,'2025-12-30',11,10),
(291,6,17,'2025-12-30',9,11),
(292,7,18,'2025-12-30',12,8),
(293,8,18,'2025-12-30',10,10),
(294,9,18,'2025-12-30',11,9),
(295,10,27,'2025-12-30',13,12),
(296,11,30,'2025-12-30',14,11),
(297,12,30,'2025-12-30',12,13),
(298,13,30,'2025-12-30',11,14),
(299,14,17,'2025-12-30',15,10),
(300,15,30,'2025-12-30',13,12),
(301,1,18,'2025-12-31',5,4),
(302,2,18,'2025-12-31',6,5),
(303,3,19,'2025-12-31',4,6),
(304,4,18,'2025-12-31',7,6),
(305,5,18,'2025-12-31',8,7),
(306,6,17,'2025-12-31',6,8),
(307,7,18,'2025-12-31',9,6),
(308,8,18,'2025-12-31',7,7),
(309,9,18,'2025-12-31',8,6),
(310,10,27,'2025-12-31',10,9),
(311,11,30,'2025-12-31',11,8),
(312,12,30,'2025-12-31',9,10),
(313,13,30,'2025-12-31',8,11),
(314,14,17,'2025-12-31',12,7),
(315,15,30,'2025-12-31',10,9),
(316,12,30,'2026-01-23',7,8),
(317,6,17,'2026-01-23',10,9),
(318,1,18,'2026-01-23',2,1),
(319,2,18,'2026-01-23',2,1),
(320,3,19,'2026-01-23',3,0),
(321,4,18,'2026-01-23',2,8),
(322,5,18,'2026-01-23',12,7),
(323,7,18,'2026-01-23',10,12),
(324,8,18,'2026-01-23',5,7),
(325,9,18,'2026-01-23',10,10),
(326,10,27,'2026-01-23',12,9),
(327,11,30,'2026-01-23',12,11),
(328,13,30,'2026-01-23',6,6),
(329,14,17,'2026-01-23',6,5),
(330,15,30,'2026-01-23',3,4),
(331,13,30,'2026-01-27',6,4),
(332,10,27,'2026-01-28',12,9),
(333,13,30,'2026-01-29',6,7),
(334,10,27,'2026-01-29',14,9),
(335,11,30,'2026-01-29',10,11),
(336,12,30,'2026-01-29',8,7),
(337,14,17,'2026-01-29',7,4),
(338,15,30,'2026-01-29',3,5),
(339,12,30,'2026-01-30',8,7),
(340,1,18,'2026-02-02',2,1),
(341,2,18,'2026-02-02',3,1),
(342,3,19,'2026-02-02',2,1),
(343,4,18,'2026-02-02',1,7),
(344,5,18,'2026-02-02',10,6),
(345,7,18,'2026-02-02',10,12),
(346,8,18,'2026-02-02',6,5),
(347,10,27,'2026-02-02',13,7),
(348,11,30,'2026-02-02',7,8),
(349,12,30,'2026-02-02',8,7),
(350,13,30,'2026-02-02',7,7),
(351,14,17,'2026-02-02',6,4),
(352,15,30,'2026-02-02',4,4),
(353,6,17,'2026-02-02',10,9),
(354,9,18,'2026-02-02',12,9),
(355,3,19,'2026-02-03',3,1),
(356,14,17,'2026-02-03',7,4),
(357,13,30,'2026-02-03',6,7),
(358,5,18,'2026-02-03',12,7),
(359,1,18,'2026-02-03',1,1),
(360,2,18,'2026-02-03',2,0),
(361,15,30,'2026-02-03',4,5),
(362,8,18,'2026-02-03',6,6),
(363,9,18,'2026-02-03',9,10),
(364,11,30,'2026-02-03',9,9),
(365,4,18,'2026-02-03',2,8),
(366,7,1,'2026-02-03',12,11),
(367,6,44,'2026-02-03',13,9),
(368,12,1,'2026-02-03',8,7),
(369,10,1,'2026-02-03',14,10),
(370,11,41,'2026-02-04',11,8),
(371,8,28,'2026-02-04',6,5),
(372,10,34,'2026-02-04',13,9),
(373,6,25,'2026-02-04',11,8),
(374,3,19,'2026-02-04',2,1),
(375,2,19,'2026-02-04',3,1),
(376,1,19,'2026-02-04',2,1),
(377,15,42,'2026-02-04',4,6),
(378,5,24,'2026-02-04',13,7),
(379,14,40,'2026-02-04',6,4),
(380,13,32,'2026-02-04',6,7),
(381,9,29,'2026-02-04',12,10),
(382,12,37,'2026-02-04',8,7),
(383,7,26,'2026-02-04',0,0),
(384,4,22,'2026-02-04',2,7),
(385,15,34,'2026-02-05',2,3),
(386,5,24,'2026-02-05',10,6),
(387,6,25,'2026-02-05',10,8),
(388,8,28,'2026-02-05',6,7),
(389,9,29,'2026-02-05',10,8),
(390,13,35,'2026-02-05',7,8),
(391,11,32,'2026-02-05',10,8),
(392,3,20,'2026-02-05',2,1),
(393,12,41,'2026-02-05',8,6),
(394,1,19,'2026-02-05',2,1),
(395,2,19,'2026-02-05',3,1),
(396,4,22,'2026-02-05',1,8),
(397,7,26,'2026-02-05',9,11),
(398,14,40,'2026-02-05',6,4),
(399,10,37,'2026-02-05',12,11),
(400,8,28,'2026-02-06',6,6),
(401,1,19,'2026-02-06',1,1),
(402,3,19,'2026-02-06',3,1),
(403,12,35,'2026-02-06',6,3),
(404,5,24,'2026-02-06',11,7),
(405,10,31,'2026-02-06',12,10),
(406,4,22,'2026-02-06',2,8),
(407,11,37,'2026-02-06',11,9),
(408,15,40,'2026-02-06',4,6),
(409,14,42,'2026-02-06',4,4),
(410,13,40,'2026-02-06',4,5),
(411,6,25,'2026-02-06',12,7),
(412,7,26,'2026-02-06',7,11),
(413,2,19,'2026-02-06',3,1),
(414,9,29,'2026-02-06',12,10),
(415,3,20,'2026-02-09',3,1),
(416,1,19,'2026-02-09',2,1),
(417,2,19,'2026-02-09',3,1),
(418,6,25,'2026-02-09',11,8),
(419,12,40,'2026-02-09',8,6),
(420,14,32,'2026-02-09',6,5),
(421,9,29,'2026-02-09',12,10),
(422,10,37,'2026-02-09',11,10),
(423,5,24,'2026-02-09',11,5),
(424,4,22,'2026-02-09',2,5),
(425,7,26,'2026-02-09',10,10),
(426,15,42,'2026-02-09',3,6),
(427,13,40,'2026-02-09',6,7),
(428,11,33,'2026-02-09',11,11),
(429,8,28,'2026-02-09',5,7),
(430,1,19,'2026-02-10',2,1),
(431,3,20,'2026-02-10',3,1),
(432,2,19,'2026-02-10',2,1),
(433,14,41,'2026-02-10',7,3),
(434,13,35,'2026-02-10',7,6),
(435,15,34,'2026-02-10',4,5),
(436,5,24,'2026-02-10',10,6),
(437,11,32,'2026-02-10',9,11),
(438,4,22,'2026-02-10',1,4),
(439,7,26,'2026-02-10',12,11),
(440,8,28,'2026-02-10',6,7),
(441,9,29,'2026-02-10',9,10),
(442,6,25,'2026-02-10',10,9),
(443,12,34,'2026-02-10',8,6),
(444,10,44,'2026-02-10',12,11),
(445,11,41,'2026-02-11',10,9),
(446,15,42,'2026-02-11',3,4),
(447,10,34,'2026-02-11',12,10),
(448,6,25,'2026-02-11',10,6),
(449,13,32,'2026-02-11',6,7),
(450,5,24,'2026-02-11',11,7),
(451,9,29,'2026-02-11',12,9),
(452,3,20,'2026-02-11',2,1),
(453,1,19,'2026-02-11',2,1),
(454,12,37,'2026-02-11',8,6),
(455,2,19,'2026-02-11',2,1),
(456,7,26,'2026-02-11',11,10),
(457,4,22,'2026-02-11',2,2),
(458,14,44,'2026-02-11',6,5),
(459,8,28,'2026-02-11',6,7),
(460,11,32,'2026-02-12',10,10),
(461,13,35,'2026-02-12',5,6),
(462,14,31,'2026-02-12',6,4),
(463,15,34,'2026-02-12',4,4),
(464,12,41,'2026-02-12',7,7),
(465,5,24,'2026-02-12',13,6),
(466,6,25,'2026-02-12',10,5),
(467,7,26,'2026-02-12',10,11),
(468,10,44,'2026-02-12',12,11),
(469,3,20,'2026-02-12',3,1),
(470,9,29,'2026-02-12',10,9),
(471,1,19,'2026-02-12',1,1),
(472,2,19,'2026-02-12',3,1),
(473,8,28,'2026-02-12',6,6),
(474,4,22,'2026-02-12',2,4),
(475,1,19,'2026-02-13',0,0),
(476,2,19,'2026-02-13',0,0),
(477,12,35,'2026-02-13',4,5),
(478,3,20,'2026-02-13',1,0),
(479,10,31,'2026-02-13',11,9),
(480,7,26,'2026-02-13',0,0),
(481,14,42,'2026-02-13',6,4),
(482,5,24,'2026-02-13',0,0),
(483,8,28,'2026-02-13',1,0),
(484,4,44,'2026-02-13',0,0),
(485,6,25,'2026-02-13',0,1),
(486,15,40,'2026-02-13',2,2),
(487,13,40,'2026-02-13',4,5),
(488,9,29,'2026-02-13',3,2),
(489,11,31,'2026-02-13',12,10),
(490,8,28,'2026-02-18',5,5),
(491,11,41,'2026-02-18',11,7),
(492,15,42,'2026-02-18',1,2),
(493,7,26,'2026-02-18',7,6),
(494,13,32,'2026-02-18',4,5),
(495,10,34,'2026-02-18',12,7),
(496,14,40,'2026-02-18',2,1),
(497,3,20,'2026-02-18',2,1),
(498,12,37,'2026-02-18',6,7),
(499,4,22,'2026-02-18',1,5),
(500,9,29,'2026-02-18',9,10),
(501,1,19,'2026-02-18',2,1),
(502,2,19,'2026-02-18',2,0),
(503,6,25,'2026-02-18',11,9),
(504,5,24,'2026-02-18',0,0),
(505,3,20,'2026-02-19',2,1),
(506,5,24,'2026-02-19',9,6),
(507,9,29,'2026-02-19',11,10),
(508,15,34,'2026-02-19',2,3),
(509,6,25,'2026-02-19',12,9),
(510,12,41,'2026-02-19',7,5),
(511,4,22,'2026-02-19',2,7),
(512,11,32,'2026-02-19',11,11),
(513,14,31,'2026-02-19',0,0),
(514,1,19,'2026-02-19',2,1),
(515,10,27,'2026-02-19',11,10),
(516,2,19,'2026-02-19',3,1),
(517,8,28,'2026-02-19',6,6),
(518,7,26,'2026-02-19',9,9),
(519,13,35,'2026-02-19',5,8),
(520,6,25,'2026-02-20',12,9),
(521,14,42,'2026-02-20',6,5),
(522,8,28,'2026-02-20',5,5),
(523,10,31,'2026-02-20',10,8),
(524,4,22,'2026-02-20',2,7),
(525,3,20,'2026-02-20',2,1),
(526,1,19,'2026-02-20',2,1),
(527,2,19,'2026-02-20',2,1),
(528,12,35,'2026-02-20',8,7),
(529,11,37,'2026-02-20',10,9),
(530,7,26,'2026-02-20',10,8),
(531,15,40,'2026-02-20',1,2),
(532,9,29,'2026-02-20',7,9),
(533,5,24,'2026-02-20',9,6),
(534,13,32,'2026-02-20',5,8),
(535,1,44,'2026-02-23',0,0),
(536,2,44,'2026-02-23',0,0),
(537,3,44,'2026-02-23',0,0),
(538,4,44,'2026-02-23',0,0),
(539,5,44,'2026-02-23',0,0),
(540,6,44,'2026-02-23',0,0),
(541,7,44,'2026-02-23',0,0),
(542,8,44,'2026-02-23',0,0),
(543,9,44,'2026-02-23',0,0),
(544,10,44,'2026-02-23',0,0),
(545,11,44,'2026-02-23',0,0),
(546,12,44,'2026-02-23',0,0),
(547,13,44,'2026-02-23',0,0),
(548,14,44,'2026-02-23',0,0),
(549,15,44,'2026-02-23',0,0),
(550,5,24,'2026-02-24',11,7),
(551,1,19,'2026-02-24',2,1),
(552,14,41,'2026-02-24',7,4),
(553,15,34,'2026-02-24',3,6),
(554,2,19,'2026-02-24',3,1),
(555,11,32,'2026-02-24',10,10),
(556,3,20,'2026-02-24',3,1),
(557,9,29,'2026-02-24',10,10),
(558,4,22,'2026-02-24',2,8),
(559,7,26,'2026-02-24',10,11),
(560,13,35,'2026-02-24',5,8),
(561,6,25,'2026-02-24',13,9),
(562,8,28,'2026-02-24',6,6),
(563,10,27,'2026-02-24',12,11),
(564,12,34,'2026-02-24',8,7),
(565,3,19,'2026-02-25',2,1),
(566,2,19,'2026-02-25',4,1),
(567,14,40,'2026-02-25',6,4),
(568,12,37,'2026-02-25',8,5),
(569,5,24,'2026-02-25',12,7),
(570,15,42,'2026-02-25',4,6),
(571,13,32,'2026-02-25',6,7),
(572,10,34,'2026-02-25',13,8),
(573,4,22,'2026-02-25',2,7),
(574,6,25,'2026-02-25',11,8),
(575,1,19,'2026-02-25',0,0),
(576,9,29,'2026-02-25',10,10),
(577,7,26,'2026-02-25',12,10),
(578,11,41,'2026-02-25',11,9),
(579,8,28,'2026-02-25',5,7),
(580,1,19,'2026-02-26',2,1),
(581,3,20,'2026-02-26',3,1),
(582,5,24,'2026-02-26',12,7),
(583,2,19,'2026-02-26',3,0),
(584,12,41,'2026-02-26',7,6),
(585,11,32,'2026-02-26',10,7),
(586,4,22,'2026-02-26',1,7),
(587,14,31,'2026-02-26',7,5),
(588,13,35,'2026-02-26',7,7),
(589,7,26,'2026-02-26',8,9),
(590,8,28,'2026-02-26',4,5),
(591,6,25,'2026-02-26',13,9),
(592,9,29,'2026-02-26',0,0),
(593,10,38,'2026-02-26',12,10),
(594,15,44,'2026-02-26',4,6),
(595,1,44,'2026-02-27',2,1),
(596,2,44,'2026-02-27',3,1),
(597,3,44,'2026-02-27',3,1),
(598,4,44,'2026-02-27',2,8),
(599,5,44,'2026-02-27',10,7),
(600,7,44,'2026-02-27',9,10),
(601,8,44,'2026-02-27',6,7),
(602,9,44,'2026-02-27',10,10),
(603,6,44,'2026-02-27',12,9),
(604,10,44,'2026-02-27',12,11),
(605,11,44,'2026-02-27',12,10),
(606,12,44,'2026-02-27',8,5),
(607,13,44,'2026-02-27',7,8),
(608,14,44,'2026-02-27',7,5),
(609,15,44,'2026-02-27',4,6),
(610,3,20,'2026-03-02',3,1),
(611,10,37,'2026-03-02',13,9),
(612,5,24,'2026-03-02',0,0),
(613,12,40,'2026-03-02',8,4),
(614,15,42,'2026-03-02',4,6),
(615,11,33,'2026-03-02',11,9),
(616,1,19,'2026-03-02',2,1),
(617,2,19,'2026-03-02',2,1),
(618,14,32,'2026-03-02',6,2),
(619,4,22,'2026-03-02',2,7),
(620,8,28,'2026-03-02',1,1),
(621,6,25,'2026-03-02',13,9),
(622,13,44,'2026-03-02',6,7),
(623,9,29,'2026-03-02',11,8),
(624,7,26,'2026-03-02',11,11),
(625,15,34,'2026-03-03',3,5),
(626,11,32,'2026-03-03',8,5),
(627,12,34,'2026-03-03',7,4),
(628,14,41,'2026-03-03',7,1),
(629,3,19,'2026-03-03',2,1),
(630,13,35,'2026-03-03',5,6),
(631,4,22,'2026-03-03',2,8),
(632,6,25,'2026-03-03',13,9),
(633,8,28,'2026-03-03',2,2),
(634,5,24,'2026-03-03',13,7),
(635,7,26,'2026-03-03',11,11),
(636,2,19,'2026-03-03',2,1);
/*!40000 ALTER TABLE `asistencia` ENABLE KEYS */;
UNLOCK TABLES;
commit;

--
-- Table structure for table `calendario`
--

DROP TABLE IF EXISTS `calendario`;
/*!40101 SET @saved_cs_client     = @@character_set_client */;
/*!40101 SET character_set_client = utf8mb4 */;
CREATE TABLE `calendario` (
  `id_calendario` int(11) NOT NULL AUTO_INCREMENT,
  `fecha` date NOT NULL,
  `tipo_dia` enum('habil','feriado','suspension','fin_semana') NOT NULL DEFAULT 'habil',
  `descripcion` varchar(255) DEFAULT NULL COMMENT 'Descripción del día (nombre del feriado, motivo de suspensión, etc.)',
  `es_laborable` tinyint(1) DEFAULT 1 COMMENT 'Indica si es un día laborable para el personal',
  `observaciones` text DEFAULT NULL COMMENT 'Observaciones adicionales',
  `fecha_creacion` timestamp NULL DEFAULT current_timestamp(),
  `fecha_actualizacion` timestamp NULL DEFAULT current_timestamp() ON UPDATE current_timestamp(),
  PRIMARY KEY (`id_calendario`),
  UNIQUE KEY `fecha` (`fecha`),
  KEY `idx_fecha` (`fecha`),
  KEY `idx_tipo_dia` (`tipo_dia`)
) ENGINE=InnoDB AUTO_INCREMENT=11 DEFAULT CHARSET=utf8mb4 COLLATE=utf8mb4_unicode_ci;
/*!40101 SET character_set_client = @saved_cs_client */;

--
-- Dumping data for table `calendario`
--

LOCK TABLES `calendario` WRITE;
/*!40000 ALTER TABLE `calendario` DISABLE KEYS */;
set autocommit=0;
INSERT INTO `calendario` (`id_calendario`, `fecha`, `tipo_dia`, `descripcion`, `es_laborable`, `observaciones`, `fecha_creacion`, `fecha_actualizacion`) VALUES (1,'2026-01-01','feriado','Año Nuevo',0,NULL,'2026-03-03 13:28:01','2026-03-03 13:28:01'),
(2,'2026-04-19','feriado','Declaración de la Independencia',0,NULL,'2026-03-03 13:28:01','2026-03-03 13:28:01'),
(3,'2026-05-01','feriado','Día del Trabajador',0,NULL,'2026-03-03 13:28:01','2026-03-03 13:28:01'),
(4,'2026-06-24','feriado','Batalla de Carabobo',0,NULL,'2026-03-03 13:28:01','2026-03-03 13:28:01'),
(5,'2026-07-05','feriado','Día de la Independencia',0,NULL,'2026-03-03 13:28:01','2026-03-03 13:28:01'),
(6,'2026-07-24','feriado','Natalicio del Libertador Simón Bolívar',0,NULL,'2026-03-03 13:28:01','2026-03-03 13:28:01'),
(7,'2026-10-12','feriado','Día de la Resistencia Indígena',0,NULL,'2026-03-03 13:28:01','2026-03-03 13:28:01'),
(8,'2026-12-24','feriado','Nochebuena',0,NULL,'2026-03-03 13:28:01','2026-03-03 13:28:01'),
(9,'2026-12-25','feriado','Navidad',0,NULL,'2026-03-03 13:28:01','2026-03-03 13:28:01'),
(10,'2026-12-31','feriado','Fin de Año',0,NULL,'2026-03-03 13:28:01','2026-03-03 13:28:01');
/*!40000 ALTER TABLE `calendario` ENABLE KEYS */;
UNLOCK TABLES;
commit;

--
-- Table structure for table `calendario_escolar`
--

DROP TABLE IF EXISTS `calendario_escolar`;
/*!40101 SET @saved_cs_client     = @@character_set_client */;
/*!40101 SET character_set_client = utf8mb4 */;
CREATE TABLE `calendario_escolar` (
  `id_calendario` int(11) NOT NULL AUTO_INCREMENT,
  `fecha` date NOT NULL,
  `tipo` enum('feriado','vacaciones','suspension','otro') NOT NULL,
  `descripcion` varchar(255) NOT NULL,
  `activo` tinyint(1) DEFAULT 1,
  `fecha_creacion` timestamp NULL DEFAULT current_timestamp(),
  PRIMARY KEY (`id_calendario`),
  UNIQUE KEY `fecha` (`fecha`),
  KEY `idx_fecha` (`fecha`),
  KEY `idx_tipo` (`tipo`),
  KEY `idx_activo` (`activo`)
) ENGINE=InnoDB DEFAULT CHARSET=utf8mb4 COLLATE=utf8mb4_unicode_ci;
/*!40101 SET character_set_client = @saved_cs_client */;

--
-- Dumping data for table `calendario_escolar`
--

LOCK TABLES `calendario_escolar` WRITE;
/*!40000 ALTER TABLE `calendario_escolar` DISABLE KEYS */;
set autocommit=0;
/*!40000 ALTER TABLE `calendario_escolar` ENABLE KEYS */;
UNLOCK TABLES;
commit;

--
-- Table structure for table `etapa`
--

DROP TABLE IF EXISTS `etapa`;
/*!40101 SET @saved_cs_client     = @@character_set_client */;
/*!40101 SET character_set_client = utf8mb4 */;
CREATE TABLE `etapa` (
  `id_etapa` int(11) NOT NULL AUTO_INCREMENT,
  `nombre_etapa` varchar(50) NOT NULL,
  `descripcion` varchar(255) DEFAULT NULL,
  PRIMARY KEY (`id_etapa`),
  UNIQUE KEY `nombre_etapa` (`nombre_etapa`)
) ENGINE=InnoDB AUTO_INCREMENT=4 DEFAULT CHARSET=utf8mb4 COLLATE=utf8mb4_unicode_ci;
/*!40101 SET character_set_client = @saved_cs_client */;

--
-- Dumping data for table `etapa`
--

LOCK TABLES `etapa` WRITE;
/*!40000 ALTER TABLE `etapa` DISABLE KEYS */;
set autocommit=0;
INSERT INTO `etapa` (`id_etapa`, `nombre_etapa`, `descripcion`) VALUES (1,'Maternal','Etapa de educación maternal'),
(2,'Primaria','Etapa de educación primaria'),
(3,'Secundaria','Etapa de educación secundaria');
/*!40000 ALTER TABLE `etapa` ENABLE KEYS */;
UNLOCK TABLES;
commit;

--
-- Table structure for table `matricula`
--

DROP TABLE IF EXISTS `matricula`;
/*!40101 SET @saved_cs_client     = @@character_set_client */;
/*!40101 SET character_set_client = utf8mb4 */;
CREATE TABLE `matricula` (
  `id_matricula` int(11) NOT NULL AUTO_INCREMENT,
  `id_seccion` int(11) NOT NULL,
  `num_estudiantes_h` int(11) DEFAULT 0 COMMENT 'Número de estudiantes hombres',
  `num_estudiantes_m` int(11) DEFAULT 0 COMMENT 'Número de estudiantes mujeres',
  `fecha_actualizacion` timestamp NULL DEFAULT current_timestamp() ON UPDATE current_timestamp(),
  PRIMARY KEY (`id_matricula`),
  UNIQUE KEY `unique_seccion` (`id_seccion`),
  CONSTRAINT `matricula_ibfk_1` FOREIGN KEY (`id_seccion`) REFERENCES `secciones` (`id_seccion`) ON DELETE CASCADE
) ENGINE=InnoDB AUTO_INCREMENT=16 DEFAULT CHARSET=utf8mb4 COLLATE=utf8mb4_unicode_ci;
/*!40101 SET character_set_client = @saved_cs_client */;

--
-- Dumping data for table `matricula`
--

LOCK TABLES `matricula` WRITE;
/*!40000 ALTER TABLE `matricula` DISABLE KEYS */;
set autocommit=0;
INSERT INTO `matricula` (`id_matricula`, `id_seccion`, `num_estudiantes_h`, `num_estudiantes_m`, `fecha_actualizacion`) VALUES (1,1,2,1,'2026-01-23 16:28:52'),
(2,2,4,1,'2026-01-23 16:32:50'),
(3,3,3,1,'2026-01-23 16:33:08'),
(4,4,2,8,'2026-01-23 16:33:28'),
(5,5,13,7,'2026-01-23 16:33:51'),
(6,6,13,9,'2026-01-23 16:34:14'),
(7,7,12,11,'2026-02-03 16:43:11'),
(8,8,6,7,'2026-01-23 16:34:56'),
(9,9,12,10,'2026-01-23 16:35:14'),
(10,10,14,12,'2026-01-23 16:35:31'),
(11,11,12,11,'2026-01-23 16:35:49'),
(12,12,8,7,'2026-01-23 16:36:10'),
(13,13,7,8,'2026-01-23 16:36:27'),
(14,14,7,5,'2026-01-23 16:36:43'),
(15,15,4,6,'2026-01-23 16:36:59');
/*!40000 ALTER TABLE `matricula` ENABLE KEYS */;
UNLOCK TABLES;
commit;

--
-- Table structure for table `profesor_secciones`
--

DROP TABLE IF EXISTS `profesor_secciones`;
/*!40101 SET @saved_cs_client     = @@character_set_client */;
/*!40101 SET character_set_client = utf8mb4 */;
CREATE TABLE `profesor_secciones` (
  `id_profesor_seccion` int(11) NOT NULL AUTO_INCREMENT,
  `id_profesor` int(11) NOT NULL,
  `id_seccion` int(11) NOT NULL,
  PRIMARY KEY (`id_profesor_seccion`),
  UNIQUE KEY `unique_profesor_seccion` (`id_profesor`,`id_seccion`),
  KEY `id_seccion` (`id_seccion`),
  CONSTRAINT `profesor_secciones_ibfk_1` FOREIGN KEY (`id_profesor`) REFERENCES `usuario` (`id_usuario`) ON DELETE CASCADE,
  CONSTRAINT `profesor_secciones_ibfk_2` FOREIGN KEY (`id_seccion`) REFERENCES `secciones` (`id_seccion`) ON DELETE CASCADE
) ENGINE=InnoDB AUTO_INCREMENT=108 DEFAULT CHARSET=utf8mb4 COLLATE=utf8mb4_unicode_ci;
/*!40101 SET character_set_client = @saved_cs_client */;

--
-- Dumping data for table `profesor_secciones`
--

LOCK TABLES `profesor_secciones` WRITE;
/*!40000 ALTER TABLE `profesor_secciones` DISABLE KEYS */;
set autocommit=0;
INSERT INTO `profesor_secciones` (`id_profesor_seccion`, `id_profesor`, `id_seccion`) VALUES (16,17,6),
(17,17,14),
(18,18,1),
(19,18,2),
(27,18,4),
(29,18,5),
(30,18,6),
(31,18,7),
(32,18,8),
(33,18,9),
(20,19,1),
(21,19,2),
(22,19,3),
(23,20,3),
(24,21,1),
(25,21,2),
(26,21,3),
(28,21,4),
(34,21,5),
(35,21,6),
(36,22,4),
(37,23,4),
(38,23,5),
(39,23,6),
(40,23,7),
(41,23,8),
(42,23,9),
(43,24,5),
(44,25,6),
(45,26,7),
(46,27,7),
(47,27,8),
(48,27,9),
(51,27,10),
(49,28,8),
(50,29,9),
(53,30,10),
(54,30,11),
(76,30,12),
(95,30,13),
(98,30,14),
(102,30,15),
(55,31,10),
(56,31,11),
(77,31,12),
(96,31,13),
(99,31,14),
(103,31,15),
(57,32,10),
(58,32,11),
(78,32,12),
(97,32,13),
(100,32,14),
(104,32,15),
(59,33,10),
(60,33,11),
(61,34,10),
(62,34,11),
(79,34,12),
(80,34,13),
(81,34,14),
(82,34,15),
(63,35,10),
(64,35,11),
(65,35,12),
(66,35,13),
(67,36,10),
(68,36,11),
(69,36,12),
(70,36,13),
(71,36,14),
(72,36,15),
(73,37,10),
(74,37,11),
(83,37,12),
(84,37,13),
(75,38,10),
(85,39,12),
(86,40,12),
(87,40,13),
(88,40,14),
(89,40,15),
(90,41,11),
(91,41,12),
(92,41,13),
(93,41,14),
(94,41,15),
(105,42,14),
(106,42,15),
(107,43,15);
/*!40000 ALTER TABLE `profesor_secciones` ENABLE KEYS */;
UNLOCK TABLES;
commit;

--
-- Table structure for table `secciones`
--

DROP TABLE IF EXISTS `secciones`;
/*!40101 SET @saved_cs_client     = @@character_set_client */;
/*!40101 SET character_set_client = utf8mb4 */;
CREATE TABLE `secciones` (
  `id_seccion` int(11) NOT NULL AUTO_INCREMENT,
  `nombre_seccion` varchar(50) NOT NULL,
  `id_etapa` int(11) NOT NULL,
  PRIMARY KEY (`id_seccion`),
  KEY `idx_etapa` (`id_etapa`),
  CONSTRAINT `secciones_ibfk_1` FOREIGN KEY (`id_etapa`) REFERENCES `etapa` (`id_etapa`)
) ENGINE=InnoDB AUTO_INCREMENT=16 DEFAULT CHARSET=utf8mb4 COLLATE=utf8mb4_unicode_ci;
/*!40101 SET character_set_client = @saved_cs_client */;

--
-- Dumping data for table `secciones`
--

LOCK TABLES `secciones` WRITE;
/*!40000 ALTER TABLE `secciones` DISABLE KEYS */;
set autocommit=0;
INSERT INTO `secciones` (`id_seccion`, `nombre_seccion`, `id_etapa`) VALUES (1,'Nivel 1 maternal',1),
(2,'Nivel 2 maternal',1),
(3,'Nivel 3 maternal',1),
(4,'1er grado primaria',2),
(5,'2do grado primaria',2),
(6,'3er grado primaria',2),
(7,'4to grado primaria',2),
(8,'5to grado primaria',2),
(9,'6to grado primaria',2),
(10,'1er año secundaria',3),
(11,'2do año secundaria',3),
(12,'3er año A secundaria',3),
(13,'3er año B secundaria',3),
(14,'4to año secundaria',3),
(15,'5to año secundaria',3);
/*!40000 ALTER TABLE `secciones` ENABLE KEYS */;
UNLOCK TABLES;
commit;

--
-- Table structure for table `usuario`
--

DROP TABLE IF EXISTS `usuario`;
/*!40101 SET @saved_cs_client     = @@character_set_client */;
/*!40101 SET character_set_client = utf8mb4 */;
CREATE TABLE `usuario` (
  `id_usuario` int(11) NOT NULL AUTO_INCREMENT,
  `nombre` varchar(100) NOT NULL,
  `apellido` varchar(100) NOT NULL,
  `email` varchar(100) NOT NULL,
  `contraseña` varchar(255) NOT NULL,
  `rol` enum('administrador','profesor') NOT NULL,
  `fecha_creacion` timestamp NULL DEFAULT current_timestamp(),
  PRIMARY KEY (`id_usuario`),
  UNIQUE KEY `email` (`email`),
  KEY `idx_rol` (`rol`)
) ENGINE=InnoDB AUTO_INCREMENT=47 DEFAULT CHARSET=utf8mb4 COLLATE=utf8mb4_unicode_ci;
/*!40101 SET character_set_client = @saved_cs_client */;

--
-- Dumping data for table `usuario`
--

LOCK TABLES `usuario` WRITE;
/*!40000 ALTER TABLE `usuario` DISABLE KEYS */;
set autocommit=0;
INSERT INTO `usuario` (`id_usuario`, `nombre`, `apellido`, `email`, `contraseña`, `rol`, `fecha_creacion`) VALUES (1,'Carlos','Rodríguez','admin@ueipab.edu','$2b$12$fdxAipue2Wa4it/dGEfiaOo.iVzYwei11nwLNzCxDboGR5dEG4e/G','administrador','2026-01-20 14:13:21'),
(2,'María','González','maria.gonzalez@ueipab.edu','$2b$12$fdxAipue2Wa4it/dGEfiaOo.iVzYwei11nwLNzCxDboGR5dEG4e/G','administrador','2026-01-20 14:13:21'),
(17,'Daniel','Bongianni','daniel.bongianni@ueipab.edu.ve','$2b$12$xHv4.WyN7.MgB2Jg8gk9B.Cl0ixJGc3S12oFYQ9QKcYcJJvab3N6O','profesor','2026-01-22 15:56:56'),
(18,'LEIDYMAR','ARAY MENESES','laray@ueipab.edu.ve','$2b$12$UwI7d3SNZqISS.TPasqQOO7U20SOQAzV0dDR4GKYprfJ43NXA24yy','profesor','2026-01-23 17:02:43'),
(19,'DIXIA DIGNAVER','BELLORIN GUZMAN','dixia.bellorin@ueipab.edu.ve','$2b$12$UoPMR3kppEkJJ9cW4/MioOEimsEN8xsIl2zsX..sOttcbr40yhKQO','profesor','2026-01-23 17:03:06'),
(20,'TERESA DEL VALLE','MARIN RIVERO','teresa.marin@ueipab.edu.ve','$2b$12$nR5OCQ/5U5.OUbu3FB/efOPtYOEfoZrClc.VGFK3qqYgzuRzmATyi','profesor','2026-01-23 17:03:29'),
(21,'CAMILA ISABEL','ROSSATO ROJAS','camila.rossato@ueipab.edu.ve','$2b$12$wtvQPBJNlHWTNDXh6KiyAe3bpMAiTOZ0OBYK1Q7kx2krmxBxZZUkq','profesor','2026-01-23 17:03:50'),
(22,'MAGYELYS MARIA','MATA CABEZA','magyelis.mata@ueipab.edu.ve','$2b$12$Dhmob.FFDasQ/ZiDVLI5ZejV8z3Rw8epIeOqtzZdqD5SmHzDTOQO.','profesor','2026-01-23 17:10:26'),
(23,'JESUS','DI CESARE','jesus.dicesare@ueipab.edu.ve','$2b$12$GBU5o3IlGKlhyemp2EEx8e5lGnMFboSEUagqqf2QBJUS7YTTglnfm','profesor','2026-01-23 17:10:57'),
(24,'HEYDI DEL VALLE','RON','heydi.ron@ueipab.edu.ve','$2b$12$42gwzkNurZM3iab5s2q3bO11GNtMiLJIRK3YnAE350X7yS4H.AS7O','profesor','2026-01-23 17:11:29'),
(25,'GABRIELA ANDREINA','URAY VELASQUEZ','gabriela.uray@ueipab.edu.ve','$2b$12$8puIn6ds/nZMRQ1iUhcI7ucEUB2Nv6p0WujflRksjng9vkXQDMVhC','profesor','2026-01-23 17:11:56'),
(26,'YUDELYS DEL VALLE','BRITO MATA','yudelys.brito@ueipab.edu.ve','$2b$12$OUCmZtI1dX5Eqh3MSazePeKKOYZqCk4Wi2PGffrZT01JxFUOeNuR.','profesor','2026-01-23 17:12:31'),
(27,'MAIRELSY','MOTTA','mairelsy.motta@ueipab.edu.ve','$2b$12$hkoD1Xvo2DpcU6M0cQEpkOUyaoL8r/L1sUOi6AwBVQjdbksTPk6JG','profesor','2026-01-23 17:12:55'),
(28,'YARITZA YOSELY','BRUCES CASANOVA','yaritza.bruces@ueipab.edu.ve','$2b$12$jIDAJLzuY8P701hixXApueh32VK7vfsBg9NBi7vS54G.ZbRMKBcwi','profesor','2026-01-23 17:13:21'),
(29,'ELIS COROMOTO','MEJIAS','elis.mejias@ueipab.edu.ve','$2b$12$mfM9HrGoWOfG71deRMoCguJC/oFBMNyYWq1rSklJCm.FaV/C7BG0m','profesor','2026-01-23 17:13:47'),
(30,'LUISA ELENA','ABREU','luisa.abreu@ueipab.edu.ve','$2b$12$E/OrityRq9XZj8rquMZlwumy02y5nKsPoCH.zfUW5oFb1m.EZyYM2','profesor','2026-01-23 17:18:57'),
(31,'ISMARY ANDREINA','ARCILA SALAZAR','ismary.arcila@ueipab.edu.ve','$2b$12$NyPOwPxvZb0fS5DC1t.Tb.Ju4g0J.Zvxe1CiDter09QeeYc20bivS','profesor','2026-01-23 17:19:15'),
(32,'MARIA JOSE','FIGUERA RONDON','maria.figuera@ueipab.edu.ve','$2b$12$o6fjgZPfb82tDGFSyPuZSu1dR2Rdi/v20QecKYTsVXb1MjlGz9ubW','profesor','2026-01-23 17:19:39'),
(33,'AUDREY LUCIA','GARCIA AREYAN','audrey.garcia@ueipab.edu.ve','$2b$12$N2Q89FVsx8OOt4WgMd7cZOogjtHPuBSkSU0x7FZ.EVCok3UbtXLHS','profesor','2026-01-23 17:19:56'),
(34,'FLORMAR','HERNANDEZ','flormar.hernandez@ueipab.edu.ve','$2b$12$r0ribF2OL2GfT14Qx8uPS.4Mr.9hZXudqju8kFlEc7e3EyhrxcHFy','profesor','2026-01-23 17:20:17'),
(35,'JOSE GREGORIO','HERNANDEZ GARCIA','jose.hernandez@ueipab.edu.ve','$2b$12$qtIPya6m4wgSfAEx4vA82OMCY3u2.VGdX.fpQKkAiu1Oe0ZeqIXl.','profesor','2026-01-23 17:20:37'),
(36,'EMILIO JOSE','ISEA APONTE','emilio.isea@ueipab.edu.ve','$2b$12$P.37YJazaz7jYgikhiEGa.G/jAcgd01HKfI62BTwouy1bqTMc1w76','profesor','2026-01-23 17:20:56'),
(37,'MARIA GABRIELA','NIETO PADRON','maria.nieto@ueipab.edu.ve','$2b$12$q6Bn6MoQrd6c5iaS/lxX..c/QKLGMz4QtW62VL/munXkJN5NAPMpq','profesor','2026-01-23 17:21:18'),
(38,'LUIS','RODRIGUEZ','luis.rodriguez@ueipab.edu.ve','$2b$12$bJqO//0JkhLG/qFiWWtDeuNcokgsD3QAFf7DxtqYs45qV5qWYqQ1a','profesor','2026-01-23 17:21:32'),
(39,'GLADYS JOSEFINA','BRITO CALZADILLA','gladys.brito@ueipab.edu.ve','$2b$12$ZYeQTmGhwmPy3ytgXLsVN./C3DH/TU9OqHE1ffHTE8Q9X1tqgxtWO','profesor','2026-01-23 17:30:57'),
(40,'VIRGINIA WALESKA','VERDE RIVAS','virginia.verde@ueipab.edu.ve','$2b$12$YeJl43P2dMYk4laB0NvJ/eEIUL89wSTYtk.Jb.2pSssvviP.S7Woi','profesor','2026-01-23 17:31:43'),
(41,'GIOVANNI','VEZZA','giovanni.vezza@ueipab.edu.ve','$2b$12$.08u9tlBCIPmjxFk4d280.Tp5eW8X5.MDBehV3FqpwxcyKv569./2','profesor','2026-01-23 17:32:18'),
(42,'RAMON RAFAEL','BELLO GONZALEZ','ramon.bello@ueipab.edu.ve','$2b$12$QM7g8UD/uioiTlVg85lwT.e/93ClgYUk72.lnpBpbmINI7XTXLj0.','profesor','2026-01-23 17:39:05'),
(43,'GABRIEL','ESPAÑA','gabriel.espana@ueipab.edu.ve','$2b$12$qNH/mMXOwpisaZFNoup0N.yJOW2ZHcf9XCBFNfgiMJyJKDX7e/fP2','profesor','2026-01-23 17:39:27'),
(44,'Josefina','Rodriguez','josefina.rodriguez@ueipab.edu.ve','$2b$12$qwBkMkcpi3fTgf329v5gQuTXE7GQaZfyxl0G8SlgwJLTngLJ2QMuq','administrador','2026-01-23 18:18:43'),
(45,'Arcides','Arzola','arcides.arzola@ueipab.edu.ve','$2b$12$2OFOwcyymbVfcssF6jQtXOyHAV9pJTuYvQAgO7pE990LBYmjZb15W','administrador','2026-01-23 18:19:51'),
(46,'Gustavo','Perdomo','gustavo.perdomo@ueipab.edu.ve','$2b$12$4qA72071OFf9JSvO6ENFuOgHDG1zl3V9VpYZeK8pKbBSCmbvL5FcC','administrador','2026-01-23 18:20:23');
/*!40000 ALTER TABLE `usuario` ENABLE KEYS */;
UNLOCK TABLES;
commit;

--
-- Dumping routines for database 'control_asistencias'
--
/*!40103 SET TIME_ZONE=@OLD_TIME_ZONE */;

/*!40101 SET SQL_MODE=@OLD_SQL_MODE */;
/*!40014 SET FOREIGN_KEY_CHECKS=@OLD_FOREIGN_KEY_CHECKS */;
/*!40014 SET UNIQUE_CHECKS=@OLD_UNIQUE_CHECKS */;
/*!40101 SET CHARACTER_SET_CLIENT=@OLD_CHARACTER_SET_CLIENT */;
/*!40101 SET CHARACTER_SET_RESULTS=@OLD_CHARACTER_SET_RESULTS */;
/*!40101 SET COLLATION_CONNECTION=@OLD_COLLATION_CONNECTION */;
/*M!100616 SET NOTE_VERBOSITY=@OLD_NOTE_VERBOSITY */;

-- Dump completed on 2026-03-03 10:22:06
